session_index,image_index,AU1_activation_value,AU2_activation_value,AU4_activation_value,AU5_activation_value,AU6_activation_value,AU9_activation_value,AU12_activation_value,AU15_activation_value,AU17_activation_value,AU20_activation_value,AU25_activation_value,AU26_activation_value
1,1,0.07999999999999999,0.09666666666666668,0.1433333333333333,1.32,0.6466666666666667,0.05333333333333333,1.0766666666666669,0.3499999999999999,0.8799999999999998,1.2733333333333337,2.506666666666667,1.6566666666666667
1,2,2.0999999999999996,2.6333333333333333,0.8499999999999999,0.18000000000000005,0.3666666666666666,0.15666666666666665,0.4666666666666667,0.6666666666666667,0.28666666666666685,0.1866666666666667,0.11333333333333329,0.033333333333333215
1,3,0.3466666666666666,0.11333333333333334,0.3733333333333333,0.92,0.1733333333333333,0.09000000000000005,0.42333333333333334,0.6633333333333332,1.04,0.65,2.2866666666666666,1.59
1,4,0.1466666666666667,0.08,0.09999999999999987,0.046666666666666676,0.41666666666666674,0.16333333333333333,0.45,1.04,0.91,1.1966666666666665,2.836666666666667,1.26
2,1,0.15333333333333338,0.06666666666666667,0.30333333333333334,0.08333333333333334,0.22000000000000003,0.06666666666666668,0.44333333333333336,0.27999999999999997,1.2666666666666668,0.43999999999999995,0.5433333333333332,0.7066666666666667
2,2,0.12000000000000004,0.02333333333333333,0.2633333333333332,0.04666666666666666,0.07,0.16999999999999998,0.5233333333333333,0.21333333333333332,0.41,0.41999999999999993,2.546666666666667,0.6333333333333333
2,3,0.07333333333333339,0.1,0.34666666666666646,0.1633333333333333,0.0,0.0,0.0,0.22666666666666663,0.71,0.31666666666666665,0.16666666666666652,0.06333333333333324
2,4,0.03666666666666668,0.009999999999999995,0.2566666666666666,0.11333333333333334,0.06666666666666665,0.0,0.24666666666666665,0.5600000000000002,1.4766666666666666,0.8666666666666667,2.763333333333333,1.2666666666666666
2,5,0.023333333333333373,0.06666666666666668,0.23666666666666636,0.14666666666666667,0.5199999999999999,0.06,0.5833333333333334,1.03,1.4233333333333333,1.5799999999999998,2.743333333333333,1.28
